model_name,accuracy,precision_macro,precision_weighted,recall_macro,recall_weighted,AUROC,n_params,accuracy_std,precision_macro_std,precision_weighted_std,recall_macro_std,recall_weighted_std
imagine_cnn,0.8609591495461061,0.8611683443164985,0.8612335813085197,0.8609604857169713,0.8609591495461061,0.9073060796197773,371220.0,0.014188913881329333,0.014203984533223019,0.014114993107495831,0.014144671279825171,0.014188913881329333
imagine_fcn,0.3158101409460105,0.3420583329382765,0.3419776684768798,0.31069862725339514,0.3158101409460105,0.5404700434008571,354308.0,0.07313279717842781,0.2769791493798389,0.2751166214117595,0.07557474775671852,0.07313279717842781
imagine_gcn,0.40218675346392735,0.33787656880957356,0.3383984626069947,0.39751651413294764,0.40218675346392735,0.598348099114867,354308.0,0.21344128120248154,0.32894948122903284,0.3277353560534158,0.21619308118799724,0.21344128120248154
imagine_gcn_auto,0.8612120759675108,0.8624840012234414,0.8623892366571888,0.8610787793111918,0.8612120759675108,0.9073956581817991,358404.0,0.01929994821810717,0.01832723085082313,0.01830591360455775,0.01935720987968298,0.01929994821810717
imagine_rnn,0.8479977902532251,0.8488349351079714,0.8487586719228414,0.8479755903868781,0.8479977902532251,0.8986430387004444,357556.0,0.006920630650892649,0.006887868174837613,0.006835126215908238,0.006917822768972371,0.006920630650892649
